candidate,signal,timeframe_minutes,session,holding_minutes,direction_mode,exit_profile,entry_ts,exit_ts,symbol,direction,entry_price,exit_price,exit_reason,gross_points,net_points,net_dollars,entry_index,exit_index,fold,fold_rank,test_pass,entry_date,month,position_size,adjusted_pnl,capital,risk_state
lightglow_premium_discount_reversal_1m_all_hold2m_reverse_time,premium_discount_reversal,1,all,2,reverse,time,2022-10-25 00:01:00+00:00,2022-10-25 00:03:00+00:00,NQZ2,-1,11474.25,11458.75,time,15.5,14.875,297.5,530773,530775,2,1,True,2022-10-25 00:01:00+00:00,2022-10,10,2975.0,102975.0,normal
lightglow_premium_discount_reversal_1m_all_hold2m_reverse_time,premium_discount_reversal,1,all,2,reverse,time,2022-10-25 00:26:00+00:00,2022-10-25 00:28:00+00:00,NQZ2,1,11485.5,11493.5,time,8.0,7.375,147.5,530798,530800,2,1,True,2022-10-25 00:26:00+00:00,2022-10,10,1475.0,104450.0,normal
lightglow_premium_discount_reversal_1m_all_hold2m_reverse_time,premium_discount_reversal,1,all,2,reverse,time,2022-10-25 01:15:00+00:00,2022-10-25 01:17:00+00:00,NQZ2,-1,11444.75,11444.25,time,0.5,-0.125,-2.5,530847,530849,2,1,True,2022-10-25 01:15:00+00:00,2022-10,10,-25.0,104425.0,normal
lightglow_premium_discount_reversal_1m_all_hold2m_reverse_time,premium_discount_reversal,1,all,2,reverse,time,2022-10-25 02:59:00+00:00,2022-10-25 03:01:00+00:00,NQZ2,1,11460.75,11459.5,time,-1.25,-1.875,-37.5,530951,530953,2,1,True,2022-10-25 02:59:00+00:00,2022-10,10,-375.0,104050.0,normal
lightglow_premium_discount_reversal_1m_all_hold2m_reverse_time,premium_discount_reversal,1,all,2,reverse,time,2022-10-25 03:06:00+00:00,2022-10-25 03:08:00+00:00,NQZ2,1,11463.0,11464.25,time,1.25,0.625,12.5,530958,530960,2,1,True,2022-10-25 03:06:00+00:00,2022-10,10,125.0,104175.0,normal
lightglow_premium_discount_reversal_1m_all_hold2m_reverse_time,premium_discount_reversal,1,all,2,reverse,time,2022-10-25 05:03:00+00:00,2022-10-25 05:05:00+00:00,NQZ2,-1,11479.0,11484.25,time,-5.25,-5.875,-117.5,531075,531077,2,1,True,2022-10-25 05:03:00+00:00,2022-10,10,-1175.0,103000.0,normal
lightglow_premium_discount_reversal_1m_all_hold2m_reverse_time,premium_discount_reversal,1,all,2,reverse,time,2022-10-25 05:06:00+00:00,2022-10-25 05:08:00+00:00,NQZ2,-1,11478.5,11476.25,time,2.25,1.625,32.5,531078,531080,2,1,True,2022-10-25 05:06:00+00:00,2022-10,10,325.0,103325.0,normal
lightglow_premium_discount_reversal_1m_all_hold2m_reverse_time,premium_discount_reversal,1,all,2,reverse,time,2022-10-25 05:25:00+00:00,2022-10-25 05:27:00+00:00,NQZ2,-1,11477.5,11477.0,time,0.5,-0.125,-2.5,531097,531099,2,1,True,2022-10-25 05:25:00+00:00,2022-10,10,-25.0,103300.0,normal
lightglow_premium_discount_reversal_1m_all_hold2m_reverse_time,premium_discount_reversal,1,all,2,reverse,time,2022-10-25 06:01:00+00:00,2022-10-25 06:03:00+00:00,NQZ2,1,11490.0,11493.75,time,3.75,3.125,62.5,531133,531135,2,1,True,2022-10-25 06:01:00+00:00,2022-10,10,625.0,103925.0,normal
lightglow_premium_discount_reversal_1m_all_hold2m_reverse_time,premium_discount_reversal,1,all,2,reverse,time,2022-10-25 07:28:00+00:00,2022-10-25 07:30:00+00:00,NQZ2,-1,11475.75,11479.0,time,-3.25,-3.875,-77.5,531220,531222,2,1,True,2022-10-25 07:28:00+00:00,2022-10,10,-775.0,103150.0,normal
lightglow_premium_discount_reversal_1m_all_hold2m_reverse_time,premium_discount_reversal,1,all,2,reverse,time,2022-10-25 07:40:00+00:00,2022-10-25 07:42:00+00:00,NQZ2,-1,11478.5,11480.25,time,-1.75,-2.375,-47.5,531232,531234,2,1,True,2022-10-25 07:40:00+00:00,2022-10,10,-475.0,102675.0,normal
lightglow_premium_discount_reversal_1m_all_hold2m_reverse_time,premium_discount_reversal,1,all,2,reverse,time,2022-10-25 08:00:00+00:00,2022-10-25 08:02:00+00:00,NQZ2,-1,11489.75,11492.0,time,-2.25,-2.875,-57.5,531252,531254,2,1,True,2022-10-25 08:00:00+00:00,2022-10,10,-575.0,102100.0,reduced
lightglow_premium_discount_reversal_1m_all_hold2m_reverse_time,premium_discount_reversal,1,all,2,reverse,time,2022-10-25 08:03:00+00:00,2022-10-25 08:05:00+00:00,NQZ2,-1,11489.75,11489.75,time,-0.0,-0.625,-12.5,531255,531257,2,1,True,2022-10-25 08:03:00+00:00,2022-10,5,-62.5,102037.5,reduced
lightglow_premium_discount_reversal_1m_all_hold2m_reverse_time,premium_discount_reversal,1,all,2,reverse,time,2022-10-25 08:14:00+00:00,2022-10-25 08:16:00+00:00,NQZ2,1,11505.25,11504.0,time,-1.25,-1.875,-37.5,531266,531268,2,1,True,2022-10-25 08:14:00+00:00,2022-10,5,-187.5,101850.0,conservative
lightglow_premium_discount_reversal_1m_all_hold2m_reverse_time,premium_discount_reversal,1,all,2,reverse,time,2022-10-25 08:55:00+00:00,2022-10-25 08:57:00+00:00,NQZ2,-1,11475.25,11473.25,time,2.0,1.375,27.5,531307,531309,2,1,True,2022-10-25 08:55:00+00:00,2022-10,2,55.0,101905.0,normal
lightglow_premium_discount_reversal_1m_all_hold2m_reverse_time,premium_discount_reversal,1,all,2,reverse,time,2022-10-25 11:12:00+00:00,2022-10-25 11:14:00+00:00,NQZ2,1,11477.25,11476.25,time,-1.0,-1.625,-32.5,531444,531446,2,1,True,2022-10-25 11:12:00+00:00,2022-10,10,-325.0,101580.0,normal
lightglow_premium_discount_reversal_1m_all_hold2m_reverse_time,premium_discount_reversal,1,all,2,reverse,time,2022-10-25 11:53:00+00:00,2022-10-25 11:55:00+00:00,NQZ2,1,11470.5,11466.5,time,-4.0,-4.625,-92.5,531485,531487,2,1,True,2022-10-25 11:53:00+00:00,2022-10,10,-925.0,100655.0,normal
lightglow_premium_discount_reversal_1m_all_hold2m_reverse_time,premium_discount_reversal,1,all,2,reverse,time,2022-10-25 12:00:00+00:00,2022-10-25 12:02:00+00:00,NQZ2,-1,11460.5,11465.5,time,-5.0,-5.625,-112.5,531492,531494,2,1,True,2022-10-25 12:00:00+00:00,2022-10,10,-1125.0,99530.0,reduced
lightglow_premium_discount_reversal_1m_all_hold2m_reverse_time,premium_discount_reversal,1,all,2,reverse,time,2022-10-25 12:04:00+00:00,2022-10-25 12:06:00+00:00,NQZ2,-1,11457.0,11447.5,time,9.5,8.875,177.5,531496,531498,2,1,True,2022-10-25 12:04:00+00:00,2022-10,4,710.0,100240.0,normal
lightglow_premium_discount_reversal_1m_all_hold2m_reverse_time,premium_discount_reversal,1,all,2,reverse,time,2022-10-25 12:15:00+00:00,2022-10-25 12:17:00+00:00,NQZ2,-1,11462.75,11469.75,time,-7.0,-7.625,-152.5,531507,531509,2,1,True,2022-10-25 12:15:00+00:00,2022-10,10,-1525.0,98715.0,reduced
lightglow_premium_discount_reversal_1m_all_hold2m_reverse_time,premium_discount_reversal,1,all,2,reverse,time,2022-10-25 12:17:00+00:00,2022-10-25 12:19:00+00:00,NQZ2,1,11469.25,11470.5,time,1.25,0.625,12.5,531509,531511,2,1,True,2022-10-25 12:17:00+00:00,2022-10,6,75.0,98790.0,reduced
lightglow_premium_discount_reversal_1m_all_hold2m_reverse_time,premium_discount_reversal,1,all,2,reverse,time,2022-10-25 12:21:00+00:00,2022-10-25 12:23:00+00:00,NQZ2,1,11472.0,11469.75,time,-2.25,-2.875,-57.5,531513,531515,2,1,True,2022-10-25 12:21:00+00:00,2022-10,6,-345.0,98445.0,reduced
lightglow_premium_discount_reversal_1m_all_hold2m_reverse_time,premium_discount_reversal,1,all,2,reverse,time,2022-10-25 12:29:00+00:00,2022-10-25 12:31:00+00:00,NQZ2,1,11469.0,11469.25,time,0.25,-0.375,-7.5,531521,531523,2,1,True,2022-10-25 12:29:00+00:00,2022-10,6,-45.0,98400.0,reduced
lightglow_premium_discount_reversal_1m_all_hold2m_reverse_time,premium_discount_reversal,1,all,2,reverse,time,2022-10-25 12:33:00+00:00,2022-10-25 12:35:00+00:00,NQZ2,-1,11461.0,11464.0,time,-3.0,-3.625,-72.5,531525,531527,2,1,True,2022-10-25 12:33:00+00:00,2022-10,6,-435.0,97965.0,reduced
lightglow_premium_discount_reversal_1m_all_hold2m_reverse_time,premium_discount_reversal,1,all,2,reverse,time,2022-10-25 12:38:00+00:00,2022-10-25 12:40:00+00:00,NQZ2,-1,11462.75,11454.5,time,8.25,7.625,152.5,531530,531532,2,1,True,2022-10-25 12:38:00+00:00,2022-10,4,610.0,98575.0,reduced
lightglow_premium_discount_reversal_1m_all_hold2m_reverse_time,premium_discount_reversal,1,all,2,reverse,time,2022-10-25 12:47:00+00:00,2022-10-25 12:49:00+00:00,NQZ2,-1,11460.25,11469.0,time,-8.75,-9.375,-187.5,531539,531541,2,1,True,2022-10-25 12:47:00+00:00,2022-10,6,-1125.0,97450.0,reduced
lightglow_premium_discount_reversal_1m_all_hold2m_reverse_time,premium_discount_reversal,1,all,2,reverse,time,2022-10-25 12:58:00+00:00,2022-10-25 13:00:00+00:00,NQZ2,1,11476.5,11483.75,time,7.25,6.625,132.5,531550,531552,2,1,True,2022-10-25 12:58:00+00:00,2022-10,6,795.0,98245.0,reduced
lightglow_premium_discount_reversal_1m_all_hold2m_reverse_time,premium_discount_reversal,1,all,2,reverse,time,2022-10-25 15:08:00+00:00,2022-10-25 15:10:00+00:00,NQZ2,1,11659.0,11669.75,time,10.75,10.125,202.5,531680,531682,2,1,True,2022-10-25 15:08:00+00:00,2022-10,6,1215.0,99460.0,normal
lightglow_premium_discount_reversal_1m_all_hold2m_reverse_time,premium_discount_reversal,1,all,2,reverse,time,2022-10-25 15:15:00+00:00,2022-10-25 15:17:00+00:00,NQZ2,1,11659.5,11661.25,time,1.75,1.125,22.5,531687,531689,2,1,True,2022-10-25 15:15:00+00:00,2022-10,9,202.5,99662.5,normal
lightglow_premium_discount_reversal_1m_all_hold2m_reverse_time,premium_discount_reversal,1,all,2,reverse,time,2022-10-25 17:10:00+00:00,2022-10-25 17:12:00+00:00,NQZ2,-1,11645.5,11636.75,time,8.75,8.125,162.5,531802,531804,2,1,True,2022-10-25 17:10:00+00:00,2022-10,9,1462.5,101125.0,normal
lightglow_premium_discount_reversal_1m_all_hold2m_reverse_time,premium_discount_reversal,1,all,2,reverse,time,2022-10-25 18:06:00+00:00,2022-10-25 18:08:00+00:00,NQZ2,1,11667.25,11671.0,time,3.75,3.125,62.5,531858,531860,2,1,True,2022-10-25 18:06:00+00:00,2022-10,10,625.0,101750.0,normal
lightglow_premium_discount_reversal_1m_all_hold2m_reverse_time,premium_discount_reversal,1,all,2,reverse,time,2022-10-25 18:16:00+00:00,2022-10-25 18:18:00+00:00,NQZ2,1,11672.0,11676.25,time,4.25,3.625,72.5,531868,531870,2,1,True,2022-10-25 18:16:00+00:00,2022-10,10,725.0,102475.0,normal
lightglow_premium_discount_reversal_1m_all_hold2m_reverse_time,premium_discount_reversal,1,all,2,reverse,time,2022-10-25 20:50:00+00:00,2022-10-25 20:52:00+00:00,NQZ2,-1,11582.25,11580.0,time,2.25,1.625,32.5,532022,532024,2,1,True,2022-10-25 20:50:00+00:00,2022-10,10,325.0,102800.0,normal
lightglow_premium_discount_reversal_1m_all_hold2m_reverse_time,premium_discount_reversal,1,all,2,reverse,time,2022-10-25 23:04:00+00:00,2022-10-25 23:06:00+00:00,NQZ2,-1,11473.0,11470.5,time,2.5,1.875,37.5,532096,532098,2,1,True,2022-10-25 23:04:00+00:00,2022-10,10,375.0,103175.0,normal
lightglow_premium_discount_reversal_1m_all_hold2m_reverse_time,premium_discount_reversal,1,all,2,reverse,time,2022-10-25 23:06:00+00:00,2022-10-25 23:08:00+00:00,NQZ2,-1,11470.0,11457.25,time,12.75,12.125,242.5,532098,532100,2,1,True,2022-10-25 23:06:00+00:00,2022-10,10,2425.0,105600.0,normal
lightglow_premium_discount_reversal_1m_all_hold2m_reverse_time,premium_discount_reversal,1,all,2,reverse,time,2022-10-25 23:59:00+00:00,2022-10-26 00:01:00+00:00,NQZ2,-1,11469.5,11473.75,time,-4.25,-4.875,-97.5,532151,532153,2,1,True,2022-10-25 23:59:00+00:00,2022-10,10,-975.0,104625.0,normal
lightglow_premium_discount_reversal_1m_all_hold2m_reverse_time,premium_discount_reversal,1,all,2,reverse,time,2022-10-26 00:34:00+00:00,2022-10-26 00:36:00+00:00,NQZ2,-1,11454.75,11459.0,time,-4.25,-4.875,-97.5,532186,532188,2,1,True,2022-10-26 00:34:00+00:00,2022-10,10,-975.0,103650.0,normal
lightglow_premium_discount_reversal_1m_all_hold2m_reverse_time,premium_discount_reversal,1,all,2,reverse,time,2022-10-26 00:45:00+00:00,2022-10-26 00:47:00+00:00,NQZ2,-1,11445.75,11446.75,time,-1.0,-1.625,-32.5,532197,532199,2,1,True,2022-10-26 00:45:00+00:00,2022-10,10,-325.0,103325.0,reduced
lightglow_premium_discount_reversal_1m_all_hold2m_reverse_time,premium_discount_reversal,1,all,2,reverse,time,2022-10-26 01:25:00+00:00,2022-10-26 01:27:00+00:00,NQZ2,-1,11452.75,11455.5,time,-2.75,-3.375,-67.5,532237,532239,2,1,True,2022-10-26 01:25:00+00:00,2022-10,5,-337.5,102987.5,reduced
lightglow_premium_discount_reversal_1m_all_hold2m_reverse_time,premium_discount_reversal,1,all,2,reverse,time,2022-10-26 01:32:00+00:00,2022-10-26 01:34:00+00:00,NQZ2,1,11471.5,11472.0,time,0.5,-0.125,-2.5,532244,532246,2,1,True,2022-10-26 01:32:00+00:00,2022-10,5,-12.5,102975.0,conservative
lightglow_premium_discount_reversal_1m_all_hold2m_reverse_time,premium_discount_reversal,1,all,2,reverse,time,2022-10-26 03:43:00+00:00,2022-10-26 03:45:00+00:00,NQZ2,-1,11485.25,11487.75,time,-2.5,-3.125,-62.5,532375,532377,2,1,True,2022-10-26 03:43:00+00:00,2022-10,2,-125.0,102850.0,conservative
lightglow_premium_discount_reversal_1m_all_hold2m_reverse_time,premium_discount_reversal,1,all,2,reverse,time,2022-10-26 04:31:00+00:00,2022-10-26 04:33:00+00:00,NQZ2,1,11501.25,11503.0,time,1.75,1.125,22.5,532423,532425,2,1,True,2022-10-26 04:31:00+00:00,2022-10,2,45.0,102895.0,normal
lightglow_premium_discount_reversal_1m_all_hold2m_reverse_time,premium_discount_reversal,1,all,2,reverse,time,2022-10-26 05:02:00+00:00,2022-10-26 05:04:00+00:00,NQZ2,1,11499.5,11498.75,time,-0.75,-1.375,-27.5,532454,532456,2,1,True,2022-10-26 05:02:00+00:00,2022-10,10,-275.0,102620.0,normal
lightglow_premium_discount_reversal_1m_all_hold2m_reverse_time,premium_discount_reversal,1,all,2,reverse,time,2022-10-26 05:04:00+00:00,2022-10-26 05:06:00+00:00,NQZ2,1,11499.0,11494.0,time,-5.0,-5.625,-112.5,532456,532458,2,1,True,2022-10-26 05:04:00+00:00,2022-10,10,-1125.0,101495.0,normal
lightglow_premium_discount_reversal_1m_all_hold2m_reverse_time,premium_discount_reversal,1,all,2,reverse,time,2022-10-26 05:07:00+00:00,2022-10-26 05:09:00+00:00,NQZ2,-1,11487.75,11484.25,time,3.5,2.875,57.5,532459,532461,2,1,True,2022-10-26 05:07:00+00:00,2022-10,10,575.0,102070.0,normal
lightglow_premium_discount_reversal_1m_all_hold2m_reverse_time,premium_discount_reversal,1,all,2,reverse,time,2022-10-26 05:51:00+00:00,2022-10-26 05:53:00+00:00,NQZ2,-1,11488.5,11481.0,time,7.5,6.875,137.5,532503,532505,2,1,True,2022-10-26 05:51:00+00:00,2022-10,10,1375.0,103445.0,normal
lightglow_premium_discount_reversal_1m_all_hold2m_reverse_time,premium_discount_reversal,1,all,2,reverse,time,2022-10-26 06:11:00+00:00,2022-10-26 06:13:00+00:00,NQZ2,1,11500.75,11506.25,time,5.5,4.875,97.5,532523,532525,2,1,True,2022-10-26 06:11:00+00:00,2022-10,10,975.0,104420.0,normal
lightglow_premium_discount_reversal_1m_all_hold2m_reverse_time,premium_discount_reversal,1,all,2,reverse,time,2022-10-26 06:58:00+00:00,2022-10-26 07:00:00+00:00,NQZ2,1,11496.75,11502.75,time,6.0,5.375,107.5,532570,532572,2,1,True,2022-10-26 06:58:00+00:00,2022-10,10,1075.0,105495.0,normal
lightglow_premium_discount_reversal_1m_all_hold2m_reverse_time,premium_discount_reversal,1,all,2,reverse,time,2022-10-26 09:28:00+00:00,2022-10-26 09:30:00+00:00,NQZ2,-1,11514.25,11515.5,time,-1.25,-1.875,-37.5,532720,532722,2,1,True,2022-10-26 09:28:00+00:00,2022-10,10,-375.0,105120.0,normal
lightglow_premium_discount_reversal_1m_all_hold2m_reverse_time,premium_discount_reversal,1,all,2,reverse,time,2022-10-26 10:34:00+00:00,2022-10-26 10:36:00+00:00,NQZ2,-1,11528.5,11527.75,time,0.75,0.125,2.5,532786,532788,2,1,True,2022-10-26 10:34:00+00:00,2022-10,10,25.0,105145.0,normal
lightglow_premium_discount_reversal_1m_all_hold2m_reverse_time,premium_discount_reversal,1,all,2,reverse,time,2022-10-26 10:46:00+00:00,2022-10-26 10:48:00+00:00,NQZ2,1,11538.75,11534.5,time,-4.25,-4.875,-97.5,532798,532800,2,1,True,2022-10-26 10:46:00+00:00,2022-10,10,-975.0,104170.0,normal
lightglow_premium_discount_reversal_1m_all_hold2m_reverse_time,premium_discount_reversal,1,all,2,reverse,time,2022-10-26 10:54:00+00:00,2022-10-26 10:56:00+00:00,NQZ2,-1,11530.5,11536.5,time,-6.0,-6.625,-132.5,532806,532808,2,1,True,2022-10-26 10:54:00+00:00,2022-10,10,-1325.0,102845.0,normal
lightglow_premium_discount_reversal_1m_all_hold2m_reverse_time,premium_discount_reversal,1,all,2,reverse,time,2022-10-26 11:13:00+00:00,2022-10-26 11:15:00+00:00,NQZ2,-1,11508.0,11510.25,time,-2.25,-2.875,-57.5,532825,532827,2,1,True,2022-10-26 11:13:00+00:00,2022-10,10,-575.0,102270.0,reduced
lightglow_premium_discount_reversal_1m_all_hold2m_reverse_time,premium_discount_reversal,1,all,2,reverse,time,2022-10-26 11:25:00+00:00,2022-10-26 11:27:00+00:00,NQZ2,1,11538.5,11535.25,time,-3.25,-3.875,-77.5,532837,532839,2,1,True,2022-10-26 11:25:00+00:00,2022-10,5,-387.5,101882.5,reduced
lightglow_premium_discount_reversal_1m_all_hold2m_reverse_time,premium_discount_reversal,1,all,2,reverse,time,2022-10-26 11:29:00+00:00,2022-10-26 11:31:00+00:00,NQZ2,1,11537.25,11550.0,time,12.75,12.125,242.5,532841,532843,2,1,True,2022-10-26 11:29:00+00:00,2022-10,5,1212.5,103095.0,normal
lightglow_premium_discount_reversal_1m_all_hold2m_reverse_time,premium_discount_reversal,1,all,2,reverse,time,2022-10-26 11:51:00+00:00,2022-10-26 11:53:00+00:00,NQZ2,-1,11510.25,11508.0,time,2.25,1.625,32.5,532863,532865,2,1,True,2022-10-26 11:51:00+00:00,2022-10,10,325.0,103420.0,normal
lightglow_premium_discount_reversal_1m_all_hold2m_reverse_time,premium_discount_reversal,1,all,2,reverse,time,2022-10-26 12:05:00+00:00,2022-10-26 12:07:00+00:00,NQZ2,-1,11504.75,11509.0,time,-4.25,-4.875,-97.5,532877,532879,2,1,True,2022-10-26 12:05:00+00:00,2022-10,10,-975.0,102445.0,normal
lightglow_premium_discount_reversal_1m_all_hold2m_reverse_time,premium_discount_reversal,1,all,2,reverse,time,2022-10-26 12:20:00+00:00,2022-10-26 12:22:00+00:00,NQZ2,-1,11508.75,11502.0,time,6.75,6.125,122.5,532892,532894,2,1,True,2022-10-26 12:20:00+00:00,2022-10,10,1225.0,103670.0,normal
lightglow_premium_discount_reversal_1m_all_hold2m_reverse_time,premium_discount_reversal,1,all,2,reverse,time,2022-10-26 13:06:00+00:00,2022-10-26 13:08:00+00:00,NQZ2,-1,11505.5,11499.0,time,6.5,5.875,117.5,532938,532940,2,1,True,2022-10-26 13:06:00+00:00,2022-10,10,1175.0,104845.0,normal
lightglow_premium_discount_reversal_1m_all_hold2m_reverse_time,premium_discount_reversal,1,all,2,reverse,time,2022-10-26 13:14:00+00:00,2022-10-26 13:16:00+00:00,NQZ2,-1,11509.25,11503.5,time,5.75,5.125,102.5,532946,532948,2,1,True,2022-10-26 13:14:00+00:00,2022-10,10,1025.0,105870.0,normal
lightglow_premium_discount_reversal_1m_all_hold2m_reverse_time,premium_discount_reversal,1,all,2,reverse,time,2022-10-26 13:16:00+00:00,2022-10-26 13:18:00+00:00,NQZ2,-1,11503.25,11496.25,time,7.0,6.375,127.5,532948,532950,2,1,True,2022-10-26 13:16:00+00:00,2022-10,10,1275.0,107145.0,normal
lightglow_premium_discount_reversal_1m_all_hold2m_reverse_time,premium_discount_reversal,1,all,2,reverse,time,2022-10-26 13:48:00+00:00,2022-10-26 13:50:00+00:00,NQZ2,1,11528.0,11515.25,time,-12.75,-13.375,-267.5,532980,532982,2,1,True,2022-10-26 13:48:00+00:00,2022-10,10,-2675.0,104470.0,normal
lightglow_premium_discount_reversal_1m_all_hold2m_reverse_time,premium_discount_reversal,1,all,2,reverse,time,2022-10-26 13:53:00+00:00,2022-10-26 13:55:00+00:00,NQZ2,-1,11507.25,11510.5,time,-3.25,-3.875,-77.5,532985,532987,2,1,True,2022-10-26 13:53:00+00:00,2022-10,10,-775.0,103695.0,normal
lightglow_premium_discount_reversal_1m_all_hold2m_reverse_time,premium_discount_reversal,1,all,2,reverse,time,2022-10-26 13:56:00+00:00,2022-10-26 13:58:00+00:00,NQZ2,-1,11503.75,11480.75,time,23.0,22.375,447.5,532988,532990,2,1,True,2022-10-26 13:56:00+00:00,2022-10,10,4475.0,108170.0,normal
lightglow_premium_discount_reversal_1m_all_hold2m_reverse_time,premium_discount_reversal,1,all,2,reverse,time,2022-10-26 14:00:00+00:00,2022-10-26 14:02:00+00:00,NQZ2,1,11541.75,11530.0,time,-11.75,-12.375,-247.5,532992,532994,2,1,True,2022-10-26 14:00:00+00:00,2022-10,10,-2475.0,105695.0,normal
lightglow_premium_discount_reversal_1m_all_hold2m_reverse_time,premium_discount_reversal,1,all,2,reverse,time,2022-10-26 14:02:00+00:00,2022-10-26 14:04:00+00:00,NQZ2,1,11530.75,11519.5,time,-11.25,-11.875,-237.5,532994,532996,2,1,True,2022-10-26 14:02:00+00:00,2022-10,10,-2375.0,103320.0,normal
lightglow_premium_discount_reversal_1m_all_hold2m_reverse_time,premium_discount_reversal,1,all,2,reverse,time,2022-10-26 14:07:00+00:00,2022-10-26 14:09:00+00:00,NQZ2,1,11537.75,11530.5,time,-7.25,-7.875,-157.5,532999,533001,2,1,True,2022-10-26 14:07:00+00:00,2022-10,10,-1575.0,101745.0,reduced
lightglow_premium_discount_reversal_1m_all_hold2m_reverse_time,premium_discount_reversal,1,all,2,reverse,time,2022-10-26 14:11:00+00:00,2022-10-26 14:13:00+00:00,NQZ2,1,11530.25,11553.25,time,23.0,22.375,447.5,533003,533005,2,1,True,2022-10-26 14:11:00+00:00,2022-10,5,2237.5,103982.5,normal
lightglow_premium_discount_reversal_1m_all_hold2m_reverse_time,premium_discount_reversal,1,all,2,reverse,time,2022-10-26 16:33:00+00:00,2022-10-26 16:35:00+00:00,NQZ2,-1,11651.5,11641.25,time,10.25,9.625,192.5,533145,533147,2,1,True,2022-10-26 16:33:00+00:00,2022-10,10,1925.0,105907.5,normal
lightglow_premium_discount_reversal_1m_all_hold2m_reverse_time,premium_discount_reversal,1,all,2,reverse,time,2022-10-26 18:27:00+00:00,2022-10-26 18:29:00+00:00,NQZ2,-1,11481.5,11483.5,time,-2.0,-2.625,-52.5,533259,533261,2,1,True,2022-10-26 18:27:00+00:00,2022-10,10,-525.0,105382.5,normal
lightglow_premium_discount_reversal_1m_all_hold2m_reverse_time,premium_discount_reversal,1,all,2,reverse,time,2022-10-26 18:41:00+00:00,2022-10-26 18:43:00+00:00,NQZ2,-1,11479.5,11470.75,time,8.75,8.125,162.5,533273,533275,2,1,True,2022-10-26 18:41:00+00:00,2022-10,10,1625.0,107007.5,normal
lightglow_premium_discount_reversal_1m_all_hold2m_reverse_time,premium_discount_reversal,1,all,2,reverse,time,2022-10-26 19:20:00+00:00,2022-10-26 19:22:00+00:00,NQZ2,-1,11478.5,11472.5,time,6.0,5.375,107.5,533312,533314,2,1,True,2022-10-26 19:20:00+00:00,2022-10,10,1075.0,108082.5,normal
lightglow_premium_discount_reversal_1m_all_hold2m_reverse_time,premium_discount_reversal,1,all,2,reverse,time,2022-10-26 19:58:00+00:00,2022-10-26 20:00:00+00:00,NQZ2,-1,11440.5,11455.75,time,-15.25,-15.875,-317.5,533350,533352,2,1,True,2022-10-26 19:58:00+00:00,2022-10,10,-3175.0,104907.5,normal
lightglow_premium_discount_reversal_1m_all_hold2m_reverse_time,premium_discount_reversal,1,all,2,reverse,time,2022-10-26 20:05:00+00:00,2022-10-26 20:07:00+00:00,NQZ2,1,11514.0,11448.25,time,-65.75,-66.375,-1327.5,533357,533359,2,1,True,2022-10-26 20:05:00+00:00,2022-10,10,-13275.0,91632.5,conservative
lightglow_premium_discount_reversal_1m_all_hold2m_reverse_time,premium_discount_reversal,1,all,2,reverse,time,2022-10-26 20:08:00+00:00,2022-10-26 20:10:00+00:00,NQZ2,-1,11418.0,11450.25,time,-32.25,-32.875,-657.5,533360,533362,2,1,True,2022-10-26 20:08:00+00:00,2022-10,2,-1315.0,90317.5,conservative
lightglow_premium_discount_reversal_1m_all_hold2m_reverse_time,premium_discount_reversal,1,all,2,reverse,time,2022-10-26 20:11:00+00:00,2022-10-26 20:13:00+00:00,NQZ2,-1,11442.0,11461.0,time,-19.0,-19.625,-392.5,533363,533365,2,1,True,2022-10-26 20:11:00+00:00,2022-10,2,-785.0,89532.5,conservative
lightglow_premium_discount_reversal_1m_all_hold2m_reverse_time,premium_discount_reversal,1,all,2,reverse,time,2022-10-26 20:17:00+00:00,2022-10-26 20:19:00+00:00,NQZ2,-1,11444.5,11437.75,time,6.75,6.125,122.5,533369,533371,2,1,True,2022-10-26 20:17:00+00:00,2022-10,2,245.0,89777.5,conservative
lightglow_premium_discount_reversal_1m_all_hold2m_reverse_time,premium_discount_reversal,1,all,2,reverse,time,2022-10-26 20:19:00+00:00,2022-10-26 20:21:00+00:00,NQZ2,-1,11437.5,11430.0,time,7.5,6.875,137.5,533371,533373,2,1,True,2022-10-26 20:19:00+00:00,2022-10,2,275.0,90052.5,reduced
lightglow_premium_discount_reversal_1m_all_hold2m_reverse_time,premium_discount_reversal,1,all,2,reverse,time,2022-10-26 22:02:00+00:00,2022-10-26 22:04:00+00:00,NQZ2,-1,11421.0,11422.5,time,-1.5,-2.125,-42.5,533414,533416,2,1,True,2022-10-26 22:02:00+00:00,2022-10,4,-170.0,89882.5,conservative
lightglow_premium_discount_reversal_1m_all_hold2m_reverse_time,premium_discount_reversal,1,all,2,reverse,time,2022-10-26 22:17:00+00:00,2022-10-26 22:19:00+00:00,NQZ2,-1,11419.25,11424.5,time,-5.25,-5.875,-117.5,533429,533431,2,1,True,2022-10-26 22:17:00+00:00,2022-10,2,-235.0,89647.5,conservative
lightglow_premium_discount_reversal_1m_all_hold2m_reverse_time,premium_discount_reversal,1,all,2,reverse,time,2022-10-26 23:01:00+00:00,2022-10-26 23:03:00+00:00,NQZ2,1,11477.5,11482.5,time,5.0,4.375,87.5,533473,533475,2,1,True,2022-10-26 23:01:00+00:00,2022-10,2,175.0,89822.5,conservative
lightglow_premium_discount_reversal_1m_all_hold2m_reverse_time,premium_discount_reversal,1,all,2,reverse,time,2022-10-26 23:23:00+00:00,2022-10-26 23:25:00+00:00,NQZ2,1,11478.5,11478.0,time,-0.5,-1.125,-22.5,533495,533497,2,1,True,2022-10-26 23:23:00+00:00,2022-10,2,-45.0,89777.5,conservative
lightglow_premium_discount_reversal_1m_all_hold2m_reverse_time,premium_discount_reversal,1,all,2,reverse,time,2022-10-26 23:31:00+00:00,2022-10-26 23:33:00+00:00,NQZ2,1,11479.75,11501.75,time,22.0,21.375,427.5,533503,533505,2,1,True,2022-10-26 23:31:00+00:00,2022-10,2,855.0,90632.5,conservative
lightglow_premium_discount_reversal_1m_all_hold2m_reverse_time,premium_discount_reversal,1,all,2,reverse,time,2022-10-27 00:03:00+00:00,2022-10-27 00:05:00+00:00,NQZ2,1,11479.0,11485.25,time,6.25,5.625,112.5,533535,533537,2,1,True,2022-10-27 00:03:00+00:00,2022-10,2,225.0,90857.5,reduced
lightglow_premium_discount_reversal_1m_all_hold2m_reverse_time,premium_discount_reversal,1,all,2,reverse,time,2022-10-27 02:19:00+00:00,2022-10-27 02:21:00+00:00,NQZ2,-1,11487.75,11479.75,time,8.0,7.375,147.5,533671,533673,2,1,True,2022-10-27 02:19:00+00:00,2022-10,4,590.0,91447.5,conservative
lightglow_premium_discount_reversal_1m_all_hold2m_reverse_time,premium_discount_reversal,1,all,2,reverse,time,2022-10-27 03:09:00+00:00,2022-10-27 03:11:00+00:00,NQZ2,1,11494.75,11487.25,time,-7.5,-8.125,-162.5,533721,533723,2,1,True,2022-10-27 03:09:00+00:00,2022-10,2,-325.0,91122.5,conservative
lightglow_premium_discount_reversal_1m_all_hold2m_reverse_time,premium_discount_reversal,1,all,2,reverse,time,2022-10-27 03:11:00+00:00,2022-10-27 03:13:00+00:00,NQZ2,-1,11488.5,11488.0,time,0.5,-0.125,-2.5,533723,533725,2,1,True,2022-10-27 03:11:00+00:00,2022-10,2,-5.0,91117.5,conservative
lightglow_premium_discount_reversal_1m_all_hold2m_reverse_time,premium_discount_reversal,1,all,2,reverse,time,2022-10-27 03:13:00+00:00,2022-10-27 03:15:00+00:00,NQZ2,-1,11488.25,11490.25,time,-2.0,-2.625,-52.5,533725,533727,2,1,True,2022-10-27 03:13:00+00:00,2022-10,2,-105.0,91012.5,conservative
lightglow_premium_discount_reversal_1m_all_hold2m_reverse_time,premium_discount_reversal,1,all,2,reverse,time,2022-10-27 03:17:00+00:00,2022-10-27 03:19:00+00:00,NQZ2,-1,11488.0,11487.25,time,0.75,0.125,2.5,533729,533731,2,1,True,2022-10-27 03:17:00+00:00,2022-10,2,5.0,91017.5,conservative
lightglow_premium_discount_reversal_1m_all_hold2m_reverse_time,premium_discount_reversal,1,all,2,reverse,time,2022-10-27 03:49:00+00:00,2022-10-27 03:51:00+00:00,NQZ2,1,11491.75,11498.0,time,6.25,5.625,112.5,533761,533763,2,1,True,2022-10-27 03:49:00+00:00,2022-10,2,225.0,91242.5,reduced
lightglow_premium_discount_reversal_1m_all_hold2m_reverse_time,premium_discount_reversal,1,all,2,reverse,time,2022-10-27 04:39:00+00:00,2022-10-27 04:41:00+00:00,NQZ2,1,11493.25,11495.25,time,2.0,1.375,27.5,533811,533813,2,1,True,2022-10-27 04:39:00+00:00,2022-10,4,110.0,91352.5,conservative
lightglow_premium_discount_reversal_1m_all_hold2m_reverse_time,premium_discount_reversal,1,all,2,reverse,time,2022-10-27 04:47:00+00:00,2022-10-27 04:49:00+00:00,NQZ2,1,11494.75,11496.0,time,1.25,0.625,12.5,533819,533821,2,1,True,2022-10-27 04:47:00+00:00,2022-10,2,25.0,91377.5,reduced
lightglow_premium_discount_reversal_1m_all_hold2m_reverse_time,premium_discount_reversal,1,all,2,reverse,time,2022-10-27 05:06:00+00:00,2022-10-27 05:08:00+00:00,NQZ2,-1,11489.5,11494.25,time,-4.75,-5.375,-107.5,533838,533840,2,1,True,2022-10-27 05:06:00+00:00,2022-10,4,-430.0,90947.5,conservative
lightglow_premium_discount_reversal_1m_all_hold2m_reverse_time,premium_discount_reversal,1,all,2,reverse,time,2022-10-27 05:08:00+00:00,2022-10-27 05:10:00+00:00,NQZ2,1,11494.5,11490.0,time,-4.5,-5.125,-102.5,533840,533842,2,1,True,2022-10-27 05:08:00+00:00,2022-10,2,-205.0,90742.5,conservative
lightglow_premium_discount_reversal_1m_all_hold2m_reverse_time,premium_discount_reversal,1,all,2,reverse,time,2022-10-27 05:12:00+00:00,2022-10-27 05:14:00+00:00,NQZ2,-1,11489.5,11492.75,time,-3.25,-3.875,-77.5,533844,533846,2,1,True,2022-10-27 05:12:00+00:00,2022-10,2,-155.0,90587.5,conservative
lightglow_premium_discount_reversal_1m_all_hold2m_reverse_time,premium_discount_reversal,1,all,2,reverse,time,2022-10-27 05:17:00+00:00,2022-10-27 05:19:00+00:00,NQZ2,-1,11490.0,11487.25,time,2.75,2.125,42.5,533849,533851,2,1,True,2022-10-27 05:17:00+00:00,2022-10,2,85.0,90672.5,conservative
lightglow_premium_discount_reversal_1m_all_hold2m_reverse_time,premium_discount_reversal,1,all,2,reverse,time,2022-10-27 05:26:00+00:00,2022-10-27 05:28:00+00:00,NQZ2,-1,11485.25,11486.5,time,-1.25,-1.875,-37.5,533858,533860,2,1,True,2022-10-27 05:26:00+00:00,2022-10,2,-75.0,90597.5,conservative
lightglow_premium_discount_reversal_1m_all_hold2m_reverse_time,premium_discount_reversal,1,all,2,reverse,time,2022-10-27 05:34:00+00:00,2022-10-27 05:36:00+00:00,NQZ2,1,11495.0,11498.0,time,3.0,2.375,47.5,533866,533868,2,1,True,2022-10-27 05:34:00+00:00,2022-10,2,95.0,90692.5,conservative
lightglow_premium_discount_reversal_1m_all_hold2m_reverse_time,premium_discount_reversal,1,all,2,reverse,time,2022-10-27 06:13:00+00:00,2022-10-27 06:15:00+00:00,NQZ2,1,11494.0,11497.0,time,3.0,2.375,47.5,533905,533907,2,1,True,2022-10-27 06:13:00+00:00,2022-10,2,95.0,90787.5,reduced
lightglow_premium_discount_reversal_1m_all_hold2m_reverse_time,premium_discount_reversal,1,all,2,reverse,time,2022-10-27 06:18:00+00:00,2022-10-27 06:20:00+00:00,NQZ2,1,11494.0,11496.0,time,2.0,1.375,27.5,533910,533912,2,1,True,2022-10-27 06:18:00+00:00,2022-10,4,110.0,90897.5,conservative
lightglow_premium_discount_reversal_1m_all_hold2m_reverse_time,premium_discount_reversal,1,all,2,reverse,time,2022-10-27 06:24:00+00:00,2022-10-27 06:26:00+00:00,NQZ2,-1,11481.75,11494.5,time,-12.75,-13.375,-267.5,533916,533918,2,1,True,2022-10-27 06:24:00+00:00,2022-10,2,-535.0,90362.5,conservative
lightglow_premium_discount_reversal_1m_all_hold2m_reverse_time,premium_discount_reversal,1,all,2,reverse,time,2022-10-27 06:26:00+00:00,2022-10-27 06:28:00+00:00,NQZ2,1,11494.5,11489.5,time,-5.0,-5.625,-112.5,533918,533920,2,1,True,2022-10-27 06:26:00+00:00,2022-10,2,-225.0,90137.5,conservative
lightglow_premium_discount_reversal_1m_all_hold2m_reverse_time,premium_discount_reversal,1,all,2,reverse,time,2022-10-27 06:32:00+00:00,2022-10-27 06:34:00+00:00,NQZ2,-1,11474.0,11469.75,time,4.25,3.625,72.5,533924,533926,2,1,True,2022-10-27 06:32:00+00:00,2022-10,2,145.0,90282.5,conservative
lightglow_premium_discount_reversal_1m_all_hold2m_reverse_time,premium_discount_reversal,1,all,2,reverse,time,2022-10-27 09:04:00+00:00,2022-10-27 09:06:00+00:00,NQZ2,-1,11433.0,11414.75,time,18.25,17.625,352.5,534076,534078,2,1,True,2022-10-27 09:04:00+00:00,2022-10,2,705.0,90987.5,reduced
lightglow_premium_discount_reversal_1m_all_hold2m_reverse_time,premium_discount_reversal,1,all,2,reverse,time,2022-10-27 12:20:00+00:00,2022-10-27 12:22:00+00:00,NQZ2,-1,11362.5,11378.5,time,-16.0,-16.625,-332.5,534272,534274,2,1,True,2022-10-27 12:20:00+00:00,2022-10,4,-1330.0,89657.5,conservative
lightglow_premium_discount_reversal_1m_all_hold2m_reverse_time,premium_discount_reversal,1,all,2,reverse,time,2022-10-27 12:30:00+00:00,2022-10-27 12:32:00+00:00,NQZ2,1,11423.5,11437.5,time,14.0,13.375,267.5,534282,534284,2,1,True,2022-10-27 12:30:00+00:00,2022-10,2,535.0,90192.5,conservative
lightglow_premium_discount_reversal_1m_all_hold2m_reverse_time,premium_discount_reversal,1,all,2,reverse,time,2022-10-27 12:41:00+00:00,2022-10-27 12:43:00+00:00,NQZ2,1,11405.5,11409.5,time,4.0,3.375,67.5,534293,534295,2,1,True,2022-10-27 12:41:00+00:00,2022-10,2,135.0,90327.5,reduced
lightglow_premium_discount_reversal_1m_all_hold2m_reverse_time,premium_discount_reversal,1,all,2,reverse,time,2022-10-27 12:43:00+00:00,2022-10-27 12:45:00+00:00,NQZ2,1,11408.5,11416.5,time,8.0,7.375,147.5,534295,534297,2,1,True,2022-10-27 12:43:00+00:00,2022-10,4,590.0,90917.5,conservative
lightglow_premium_discount_reversal_1m_all_hold2m_reverse_time,premium_discount_reversal,1,all,2,reverse,time,2022-10-27 12:49:00+00:00,2022-10-27 12:51:00+00:00,NQZ2,1,11401.5,11406.25,time,4.75,4.125,82.5,534301,534303,2,1,True,2022-10-27 12:49:00+00:00,2022-10,2,165.0,91082.5,reduced
lightglow_premium_discount_reversal_1m_all_hold2m_reverse_time,premium_discount_reversal,1,all,2,reverse,time,2022-10-27 12:51:00+00:00,2022-10-27 12:53:00+00:00,NQZ2,1,11406.5,11408.25,time,1.75,1.125,22.5,534303,534305,2,1,True,2022-10-27 12:51:00+00:00,2022-10,4,90.0,91172.5,conservative
lightglow_premium_discount_reversal_1m_all_hold2m_reverse_time,premium_discount_reversal,1,all,2,reverse,time,2022-10-27 13:33:00+00:00,2022-10-27 13:35:00+00:00,NQZ2,1,11455.25,11422.75,time,-32.5,-33.125,-662.5,534345,534347,2,1,True,2022-10-27 13:33:00+00:00,2022-10,2,-1325.0,89847.5,conservative
lightglow_premium_discount_reversal_1m_all_hold2m_reverse_time,premium_discount_reversal,1,all,2,reverse,time,2022-10-27 13:40:00+00:00,2022-10-27 13:42:00+00:00,NQZ2,-1,11377.75,11376.25,time,1.5,0.875,17.5,534352,534354,2,1,True,2022-10-27 13:40:00+00:00,2022-10,2,35.0,89882.5,conservative
lightglow_premium_discount_reversal_1m_all_hold2m_reverse_time,premium_discount_reversal,1,all,2,reverse,time,2022-10-27 13:42:00+00:00,2022-10-27 13:44:00+00:00,NQZ2,-1,11376.5,11406.25,time,-29.75,-30.375,-607.5,534354,534356,2,1,True,2022-10-27 13:42:00+00:00,2022-10,2,-1215.0,88667.5,conservative
lightglow_premium_discount_reversal_1m_all_hold2m_reverse_time,premium_discount_reversal,1,all,2,reverse,time,2022-10-27 13:47:00+00:00,2022-10-27 13:49:00+00:00,NQZ2,-1,11377.0,11324.25,time,52.75,52.125,1042.5,534359,534361,2,1,True,2022-10-27 13:47:00+00:00,2022-10,2,2085.0,90752.5,conservative
lightglow_premium_discount_reversal_1m_all_hold2m_reverse_time,premium_discount_reversal,1,all,2,reverse,time,2022-10-27 14:37:00+00:00,2022-10-27 14:39:00+00:00,NQZ2,-1,11381.0,11384.75,time,-3.75,-4.375,-87.5,534409,534411,2,1,True,2022-10-27 14:37:00+00:00,2022-10,2,-175.0,90577.5,conservative
lightglow_premium_discount_reversal_1m_all_hold2m_reverse_time,premium_discount_reversal,1,all,2,reverse,time,2022-10-27 14:59:00+00:00,2022-10-27 15:01:00+00:00,NQZ2,-1,11320.5,11345.5,time,-25.0,-25.625,-512.5,534431,534433,2,1,True,2022-10-27 14:59:00+00:00,2022-10,2,-1025.0,89552.5,conservative
lightglow_premium_discount_reversal_1m_all_hold2m_reverse_time,premium_discount_reversal,1,all,2,reverse,time,2022-10-27 15:15:00+00:00,2022-10-27 15:17:00+00:00,NQZ2,-1,11330.0,11327.25,time,2.75,2.125,42.5,534447,534449,2,1,True,2022-10-27 15:15:00+00:00,2022-10,2,85.0,89637.5,conservative
lightglow_premium_discount_reversal_1m_all_hold2m_reverse_time,premium_discount_reversal,1,all,2,reverse,time,2022-10-27 15:17:00+00:00,2022-10-27 15:19:00+00:00,NQZ2,-1,11328.0,11327.25,time,0.75,0.125,2.5,534449,534451,2,1,True,2022-10-27 15:17:00+00:00,2022-10,2,5.0,89642.5,reduced
lightglow_premium_discount_reversal_1m_all_hold2m_reverse_time,premium_discount_reversal,1,all,2,reverse,time,2022-10-27 15:26:00+00:00,2022-10-27 15:28:00+00:00,NQZ2,-1,11330.75,11326.5,time,4.25,3.625,72.5,534458,534460,2,1,True,2022-10-27 15:26:00+00:00,2022-10,4,290.0,89932.5,conservative
lightglow_premium_discount_reversal_1m_all_hold2m_reverse_time,premium_discount_reversal,1,all,2,reverse,time,2022-10-27 15:30:00+00:00,2022-10-27 15:32:00+00:00,NQZ2,-1,11326.25,11341.75,time,-15.5,-16.125,-322.5,534462,534464,2,1,True,2022-10-27 15:30:00+00:00,2022-10,2,-645.0,89287.5,conservative
lightglow_premium_discount_reversal_1m_all_hold2m_reverse_time,premium_discount_reversal,1,all,2,reverse,time,2022-10-27 15:36:00+00:00,2022-10-27 15:38:00+00:00,NQZ2,-1,11328.0,11305.25,time,22.75,22.125,442.5,534468,534470,2,1,True,2022-10-27 15:36:00+00:00,2022-10,2,885.0,90172.5,conservative
lightglow_premium_discount_reversal_1m_all_hold2m_reverse_time,premium_discount_reversal,1,all,2,reverse,time,2022-10-27 17:20:00+00:00,2022-10-27 17:22:00+00:00,NQZ2,1,11323.25,11323.0,time,-0.25,-0.875,-17.5,534572,534574,2,1,True,2022-10-27 17:20:00+00:00,2022-10,2,-35.0,90137.5,conservative
lightglow_premium_discount_reversal_1m_all_hold2m_reverse_time,premium_discount_reversal,1,all,2,reverse,time,2022-10-27 17:57:00+00:00,2022-10-27 17:59:00+00:00,NQZ2,-1,11268.75,11263.5,time,5.25,4.625,92.5,534609,534611,2,1,True,2022-10-27 17:57:00+00:00,2022-10,2,185.0,90322.5,conservative
lightglow_premium_discount_reversal_1m_all_hold2m_reverse_time,premium_discount_reversal,1,all,2,reverse,time,2022-10-27 18:01:00+00:00,2022-10-27 18:03:00+00:00,NQZ2,-1,11266.0,11263.75,time,2.25,1.625,32.5,534613,534615,2,1,True,2022-10-27 18:01:00+00:00,2022-10,2,65.0,90387.5,reduced
lightglow_premium_discount_reversal_1m_all_hold2m_reverse_time,premium_discount_reversal,1,all,2,reverse,time,2022-10-27 19:09:00+00:00,2022-10-27 19:11:00+00:00,NQZ2,-1,11224.5,11232.5,time,-8.0,-8.625,-172.5,534681,534683,2,1,True,2022-10-27 19:09:00+00:00,2022-10,4,-690.0,89697.5,conservative
lightglow_premium_discount_reversal_1m_all_hold2m_reverse_time,premium_discount_reversal,1,all,2,reverse,time,2022-10-27 19:21:00+00:00,2022-10-27 19:23:00+00:00,NQZ2,1,11268.0,11264.5,time,-3.5,-4.125,-82.5,534693,534695,2,1,True,2022-10-27 19:21:00+00:00,2022-10,2,-165.0,89532.5,conservative
lightglow_premium_discount_reversal_1m_all_hold2m_reverse_time,premium_discount_reversal,1,all,2,reverse,time,2022-10-27 19:24:00+00:00,2022-10-27 19:26:00+00:00,NQZ2,1,11267.75,11263.25,time,-4.5,-5.125,-102.5,534696,534698,2,1,True,2022-10-27 19:24:00+00:00,2022-10,2,-205.0,89327.5,conservative
lightglow_premium_discount_reversal_1m_all_hold2m_reverse_time,premium_discount_reversal,1,all,2,reverse,time,2022-10-27 19:28:00+00:00,2022-10-27 19:30:00+00:00,NQZ2,1,11270.25,11272.25,time,2.0,1.375,27.5,534700,534702,2,1,True,2022-10-27 19:28:00+00:00,2022-10,2,55.0,89382.5,conservative
lightglow_premium_discount_reversal_1m_all_hold2m_reverse_time,premium_discount_reversal,1,all,2,reverse,time,2022-10-27 19:54:00+00:00,2022-10-27 19:56:00+00:00,NQZ2,-1,11230.5,11223.0,time,7.5,6.875,137.5,534726,534728,2,1,True,2022-10-27 19:54:00+00:00,2022-10,2,275.0,89657.5,reduced
lightglow_premium_discount_reversal_1m_all_hold2m_reverse_time,premium_discount_reversal,1,all,2,reverse,time,2022-10-27 19:58:00+00:00,2022-10-27 20:00:00+00:00,NQZ2,-1,11224.0,11245.0,time,-21.0,-21.625,-432.5,534730,534732,2,1,True,2022-10-27 19:58:00+00:00,2022-10,4,-1730.0,87927.5,conservative
lightglow_premium_discount_reversal_1m_all_hold2m_reverse_time,premium_discount_reversal,1,all,2,reverse,time,2022-10-27 20:01:00+00:00,2022-10-27 20:03:00+00:00,NQZ2,-1,11132.5,11085.0,time,47.5,46.875,937.5,534733,534735,2,1,True,2022-10-27 20:01:00+00:00,2022-10,2,1875.0,89802.5,conservative
lightglow_premium_discount_reversal_1m_all_hold2m_reverse_time,premium_discount_reversal,1,all,2,reverse,time,2022-10-27 22:20:00+00:00,2022-10-27 22:22:00+00:00,NQZ2,1,11154.25,11157.0,time,2.75,2.125,42.5,534812,534814,2,1,True,2022-10-27 22:20:00+00:00,2022-10,2,85.0,89887.5,reduced
lightglow_premium_discount_reversal_1m_all_hold2m_reverse_time,premium_discount_reversal,1,all,2,reverse,time,2022-10-27 23:02:00+00:00,2022-10-27 23:04:00+00:00,NQZ2,-1,11144.75,11147.0,time,-2.25,-2.875,-57.5,534854,534856,2,1,True,2022-10-27 23:02:00+00:00,2022-10,4,-230.0,89657.5,conservative
lightglow_premium_discount_reversal_1m_all_hold2m_reverse_time,premium_discount_reversal,1,all,2,reverse,time,2022-10-27 23:24:00+00:00,2022-10-27 23:26:00+00:00,NQZ2,-1,11147.5,11149.75,time,-2.25,-2.875,-57.5,534876,534878,2,1,True,2022-10-27 23:24:00+00:00,2022-10,2,-115.0,89542.5,conservative
lightglow_premium_discount_reversal_1m_all_hold2m_reverse_time,premium_discount_reversal,1,all,2,reverse,time,2022-10-27 23:30:00+00:00,2022-10-27 23:32:00+00:00,NQZ2,-1,11146.5,11145.0,time,1.5,0.875,17.5,534882,534884,2,1,True,2022-10-27 23:30:00+00:00,2022-10,2,35.0,89577.5,conservative
lightglow_premium_discount_reversal_1m_all_hold2m_reverse_time,premium_discount_reversal,1,all,2,reverse,time,2022-10-27 23:34:00+00:00,2022-10-27 23:36:00+00:00,NQZ2,-1,11148.25,11146.25,time,2.0,1.375,27.5,534886,534888,2,1,True,2022-10-27 23:34:00+00:00,2022-10,2,55.0,89632.5,reduced
lightglow_premium_discount_reversal_1m_all_hold2m_reverse_time,premium_discount_reversal,1,all,2,reverse,time,2022-10-27 23:36:00+00:00,2022-10-27 23:38:00+00:00,NQZ2,-1,11146.0,11144.5,time,1.5,0.875,17.5,534888,534890,2,1,True,2022-10-27 23:36:00+00:00,2022-10,4,70.0,89702.5,conservative
lightglow_premium_discount_reversal_1m_all_hold2m_reverse_time,premium_discount_reversal,1,all,2,reverse,time,2022-10-27 23:46:00+00:00,2022-10-27 23:48:00+00:00,NQZ2,-1,11144.0,11142.75,time,1.25,0.625,12.5,534898,534900,2,1,True,2022-10-27 23:46:00+00:00,2022-10,2,25.0,89727.5,reduced
lightglow_premium_discount_reversal_1m_all_hold2m_reverse_time,premium_discount_reversal,1,all,2,reverse,time,2022-10-28 00:35:00+00:00,2022-10-28 00:37:00+00:00,NQZ2,1,11153.25,11149.25,time,-4.0,-4.625,-92.5,534947,534949,2,1,True,2022-10-28 00:35:00+00:00,2022-10,4,-370.0,89357.5,conservative
lightglow_premium_discount_reversal_1m_all_hold2m_reverse_time,premium_discount_reversal,1,all,2,reverse,time,2022-10-28 00:38:00+00:00,2022-10-28 00:40:00+00:00,NQZ2,1,11154.0,11148.0,time,-6.0,-6.625,-132.5,534950,534952,2,1,True,2022-10-28 00:38:00+00:00,2022-10,2,-265.0,89092.5,conservative
lightglow_premium_discount_reversal_1m_all_hold2m_reverse_time,premium_discount_reversal,1,all,2,reverse,time,2022-10-28 00:43:00+00:00,2022-10-28 00:45:00+00:00,NQZ2,-1,11140.75,11136.25,time,4.5,3.875,77.5,534955,534957,2,1,True,2022-10-28 00:43:00+00:00,2022-10,2,155.0,89247.5,conservative
lightglow_premium_discount_reversal_1m_all_hold2m_reverse_time,premium_discount_reversal,1,all,2,reverse,time,2022-10-28 01:02:00+00:00,2022-10-28 01:04:00+00:00,NQZ2,1,11151.25,11153.5,time,2.25,1.625,32.5,534974,534976,2,1,True,2022-10-28 01:02:00+00:00,2022-10,2,65.0,89312.5,reduced
lightglow_premium_discount_reversal_1m_all_hold2m_reverse_time,premium_discount_reversal,1,all,2,reverse,time,2022-10-28 01:04:00+00:00,2022-10-28 01:06:00+00:00,NQZ2,1,11154.25,11154.25,time,0.0,-0.625,-12.5,534976,534978,2,1,True,2022-10-28 01:04:00+00:00,2022-10,4,-50.0,89262.5,conservative
lightglow_premium_discount_reversal_1m_all_hold2m_reverse_time,premium_discount_reversal,1,all,2,reverse,time,2022-10-28 02:47:00+00:00,2022-10-28 02:49:00+00:00,NQZ2,-1,11154.75,11154.5,time,0.25,-0.375,-7.5,535079,535081,2,1,True,2022-10-28 02:47:00+00:00,2022-10,2,-15.0,89247.5,conservative
lightglow_premium_discount_reversal_1m_all_hold2m_reverse_time,premium_discount_reversal,1,all,2,reverse,time,2022-10-28 03:05:00+00:00,2022-10-28 03:07:00+00:00,NQZ2,-1,11157.5,11162.25,time,-4.75,-5.375,-107.5,535097,535099,2,1,True,2022-10-28 03:05:00+00:00,2022-10,2,-215.0,89032.5,conservative
lightglow_premium_discount_reversal_1m_all_hold2m_reverse_time,premium_discount_reversal,1,all,2,reverse,time,2022-10-28 03:12:00+00:00,2022-10-28 03:14:00+00:00,NQZ2,-1,11157.75,11158.25,time,-0.5,-1.125,-22.5,535104,535106,2,1,True,2022-10-28 03:12:00+00:00,2022-10,2,-45.0,88987.5,conservative
lightglow_premium_discount_reversal_1m_all_hold2m_reverse_time,premium_discount_reversal,1,all,2,reverse,time,2022-10-28 03:43:00+00:00,2022-10-28 03:45:00+00:00,NQZ2,-1,11160.0,11161.5,time,-1.5,-2.125,-42.5,535135,535137,2,1,True,2022-10-28 03:43:00+00:00,2022-10,2,-85.0,88902.5,conservative
lightglow_premium_discount_reversal_1m_all_hold2m_reverse_time,premium_discount_reversal,1,all,2,reverse,time,2022-10-28 04:21:00+00:00,2022-10-28 04:23:00+00:00,NQZ2,-1,11144.5,11140.0,time,4.5,3.875,77.5,535173,535175,2,1,True,2022-10-28 04:21:00+00:00,2022-10,2,155.0,89057.5,conservative
lightglow_premium_discount_reversal_1m_all_hold2m_reverse_time,premium_discount_reversal,1,all,2,reverse,time,2022-10-28 08:44:00+00:00,2022-10-28 08:46:00+00:00,NQZ2,1,11099.5,11114.25,time,14.75,14.125,282.5,535436,535438,2,1,True,2022-10-28 08:44:00+00:00,2022-10,2,565.0,89622.5,reduced
lightglow_premium_discount_reversal_1m_all_hold2m_reverse_time,premium_discount_reversal,1,all,2,reverse,time,2022-10-28 09:06:00+00:00,2022-10-28 09:08:00+00:00,NQZ2,-1,11090.5,11091.75,time,-1.25,-1.875,-37.5,535458,535460,2,1,True,2022-10-28 09:06:00+00:00,2022-10,4,-150.0,89472.5,conservative
lightglow_premium_discount_reversal_1m_all_hold2m_reverse_time,premium_discount_reversal,1,all,2,reverse,time,2022-10-28 09:23:00+00:00,2022-10-28 09:25:00+00:00,NQZ2,1,11101.0,11099.75,time,-1.25,-1.875,-37.5,535475,535477,2,1,True,2022-10-28 09:23:00+00:00,2022-10,2,-75.0,89397.5,conservative
lightglow_premium_discount_reversal_1m_all_hold2m_reverse_time,premium_discount_reversal,1,all,2,reverse,time,2022-10-28 09:26:00+00:00,2022-10-28 09:28:00+00:00,NQZ2,1,11101.5,11098.25,time,-3.25,-3.875,-77.5,535478,535480,2,1,True,2022-10-28 09:26:00+00:00,2022-10,2,-155.0,89242.5,conservative
lightglow_premium_discount_reversal_1m_all_hold2m_reverse_time,premium_discount_reversal,1,all,2,reverse,time,2022-10-28 09:34:00+00:00,2022-10-28 09:36:00+00:00,NQZ2,-1,11091.0,11085.25,time,5.75,5.125,102.5,535486,535488,2,1,True,2022-10-28 09:34:00+00:00,2022-10,2,205.0,89447.5,conservative
lightglow_premium_discount_reversal_1m_all_hold2m_reverse_time,premium_discount_reversal,1,all,2,reverse,time,2022-10-28 09:57:00+00:00,2022-10-28 09:59:00+00:00,NQZ2,1,11109.75,11116.25,time,6.5,5.875,117.5,535509,535511,2,1,True,2022-10-28 09:57:00+00:00,2022-10,2,235.0,89682.5,reduced
lightglow_premium_discount_reversal_1m_all_hold2m_reverse_time,premium_discount_reversal,1,all,2,reverse,time,2022-10-28 10:19:00+00:00,2022-10-28 10:21:00+00:00,NQZ2,1,11107.75,11114.0,time,6.25,5.625,112.5,535531,535533,2,1,True,2022-10-28 10:19:00+00:00,2022-10,4,450.0,90132.5,conservative
lightglow_premium_discount_reversal_1m_all_hold2m_reverse_time,premium_discount_reversal,1,all,2,reverse,time,2022-10-28 10:51:00+00:00,2022-10-28 10:53:00+00:00,NQZ2,1,11109.75,11120.5,time,10.75,10.125,202.5,535563,535565,2,1,True,2022-10-28 10:51:00+00:00,2022-10,2,405.0,90537.5,reduced
lightglow_premium_discount_reversal_1m_all_hold2m_reverse_time,premium_discount_reversal,1,all,2,reverse,time,2022-10-28 11:09:00+00:00,2022-10-28 11:11:00+00:00,NQZ2,1,11110.25,11111.0,time,0.75,0.125,2.5,535581,535583,2,1,True,2022-10-28 11:09:00+00:00,2022-10,4,10.0,90547.5,conservative
lightglow_premium_discount_reversal_1m_all_hold2m_reverse_time,premium_discount_reversal,1,all,2,reverse,time,2022-10-28 12:27:00+00:00,2022-10-28 12:29:00+00:00,NQZ2,-1,11109.0,11107.75,time,1.25,0.625,12.5,535659,535661,2,1,True,2022-10-28 12:27:00+00:00,2022-10,2,25.0,90572.5,reduced
lightglow_premium_discount_reversal_1m_all_hold2m_reverse_time,premium_discount_reversal,1,all,2,reverse,time,2022-10-28 12:30:00+00:00,2022-10-28 12:32:00+00:00,NQZ2,1,11181.75,11153.5,time,-28.25,-28.875,-577.5,535662,535664,2,1,True,2022-10-28 12:30:00+00:00,2022-10,4,-2310.0,88262.5,conservative
lightglow_premium_discount_reversal_1m_all_hold2m_reverse_time,premium_discount_reversal,1,all,2,reverse,time,2022-10-28 12:58:00+00:00,2022-10-28 13:00:00+00:00,NQZ2,1,11148.0,11149.25,time,1.25,0.625,12.5,535690,535692,2,1,True,2022-10-28 12:58:00+00:00,2022-10,2,25.0,88287.5,conservative
lightglow_premium_discount_reversal_1m_all_hold2m_reverse_time,premium_discount_reversal,1,all,2,reverse,time,2022-10-28 13:02:00+00:00,2022-10-28 13:04:00+00:00,NQZ2,1,11149.75,11162.5,time,12.75,12.125,242.5,535694,535696,2,1,True,2022-10-28 13:02:00+00:00,2022-10,2,485.0,88772.5,reduced
lightglow_premium_discount_reversal_1m_all_hold2m_reverse_time,premium_discount_reversal,1,all,2,reverse,time,2022-10-28 13:26:00+00:00,2022-10-28 13:28:00+00:00,NQZ2,1,11221.75,11213.75,time,-8.0,-8.625,-172.5,535718,535720,2,1,True,2022-10-28 13:26:00+00:00,2022-10,4,-690.0,88082.5,conservative
lightglow_premium_discount_reversal_1m_all_hold2m_reverse_time,premium_discount_reversal,1,all,2,reverse,time,2022-10-28 16:17:00+00:00,2022-10-28 16:19:00+00:00,NQZ2,1,11493.0,11486.0,time,-7.0,-7.625,-152.5,535889,535891,2,1,True,2022-10-28 16:17:00+00:00,2022-10,2,-305.0,87777.5,conservative
lightglow_premium_discount_reversal_1m_all_hold2m_reverse_time,premium_discount_reversal,1,all,2,reverse,time,2022-10-28 16:20:00+00:00,2022-10-28 16:22:00+00:00,NQZ2,1,11492.5,11491.25,time,-1.25,-1.875,-37.5,535892,535894,2,1,True,2022-10-28 16:20:00+00:00,2022-10,2,-75.0,87702.5,conservative
lightglow_premium_discount_reversal_1m_all_hold2m_reverse_time,premium_discount_reversal,1,all,2,reverse,time,2022-10-28 18:34:00+00:00,2022-10-28 18:36:00+00:00,NQZ2,1,11559.0,11566.75,time,7.75,7.125,142.5,536026,536028,2,1,True,2022-10-28 18:34:00+00:00,2022-10,2,285.0,87987.5,conservative
lightglow_premium_discount_reversal_1m_all_hold2m_reverse_time,premium_discount_reversal,1,all,2,reverse,time,2022-10-28 19:08:00+00:00,2022-10-28 19:10:00+00:00,NQZ2,1,11558.5,11564.25,time,5.75,5.125,102.5,536060,536062,2,1,True,2022-10-28 19:08:00+00:00,2022-10,2,205.0,88192.5,reduced
lightglow_premium_discount_reversal_1m_all_hold2m_reverse_time,premium_discount_reversal,1,all,2,reverse,time,2022-10-30 22:49:00+00:00,2022-10-30 22:51:00+00:00,NQZ2,-1,11566.75,11575.0,time,-8.25,-8.875,-177.5,536221,536223,2,1,True,2022-10-30 22:49:00+00:00,2022-10,4,-710.0,87482.5,conservative
lightglow_premium_discount_reversal_1m_all_hold2m_reverse_time,premium_discount_reversal,1,all,2,reverse,time,2022-10-30 23:47:00+00:00,2022-10-30 23:49:00+00:00,NQZ2,-1,11558.75,11557.25,time,1.5,0.875,17.5,536279,536281,2,1,True,2022-10-30 23:47:00+00:00,2022-10,2,35.0,87517.5,conservative
lightglow_premium_discount_reversal_1m_all_hold2m_reverse_time,premium_discount_reversal,1,all,2,reverse,time,2022-10-31 02:23:00+00:00,2022-10-31 02:25:00+00:00,NQZ2,1,11544.5,11546.0,time,1.5,0.875,17.5,536435,536437,2,1,True,2022-10-31 02:23:00+00:00,2022-10,2,35.0,87552.5,reduced
lightglow_premium_discount_reversal_1m_all_hold2m_reverse_time,premium_discount_reversal,1,all,2,reverse,time,2022-10-31 04:54:00+00:00,2022-10-31 04:56:00+00:00,NQZ2,-1,11557.0,11556.5,time,0.5,-0.125,-2.5,536586,536588,2,1,True,2022-10-31 04:54:00+00:00,2022-10,4,-10.0,87542.5,conservative
lightglow_premium_discount_reversal_1m_all_hold2m_reverse_time,premium_discount_reversal,1,all,2,reverse,time,2022-10-31 05:30:00+00:00,2022-10-31 05:32:00+00:00,NQZ2,-1,11555.25,11557.75,time,-2.5,-3.125,-62.5,536622,536624,2,1,True,2022-10-31 05:30:00+00:00,2022-10,2,-125.0,87417.5,conservative
lightglow_premium_discount_reversal_1m_all_hold2m_reverse_time,premium_discount_reversal,1,all,2,reverse,time,2022-10-31 05:44:00+00:00,2022-10-31 05:46:00+00:00,NQZ2,-1,11556.0,11555.75,time,0.25,-0.375,-7.5,536636,536638,2,1,True,2022-10-31 05:44:00+00:00,2022-10,2,-15.0,87402.5,conservative
lightglow_premium_discount_reversal_1m_all_hold2m_reverse_time,premium_discount_reversal,1,all,2,reverse,time,2022-10-31 05:46:00+00:00,2022-10-31 05:48:00+00:00,NQZ2,-1,11556.5,11554.0,time,2.5,1.875,37.5,536638,536640,2,1,True,2022-10-31 05:46:00+00:00,2022-10,2,75.0,87477.5,conservative
lightglow_premium_discount_reversal_1m_all_hold2m_reverse_time,premium_discount_reversal,1,all,2,reverse,time,2022-10-31 08:50:00+00:00,2022-10-31 08:52:00+00:00,NQZ2,-1,11490.75,11487.25,time,3.5,2.875,57.5,536822,536824,2,1,True,2022-10-31 08:50:00+00:00,2022-10,2,115.0,87592.5,reduced
lightglow_premium_discount_reversal_1m_all_hold2m_reverse_time,premium_discount_reversal,1,all,2,reverse,time,2022-10-31 09:43:00+00:00,2022-10-31 09:45:00+00:00,NQZ2,1,11512.5,11520.0,time,7.5,6.875,137.5,536875,536877,2,1,True,2022-10-31 09:43:00+00:00,2022-10,4,550.0,88142.5,conservative
lightglow_premium_discount_reversal_1m_all_hold2m_reverse_time,premium_discount_reversal,1,all,2,reverse,time,2022-10-31 10:06:00+00:00,2022-10-31 10:08:00+00:00,NQZ2,1,11509.25,11515.75,time,6.5,5.875,117.5,536898,536900,2,1,True,2022-10-31 10:06:00+00:00,2022-10,2,235.0,88377.5,reduced
lightglow_premium_discount_reversal_1m_all_hold2m_reverse_time,premium_discount_reversal,1,all,2,reverse,time,2022-10-31 10:14:00+00:00,2022-10-31 10:16:00+00:00,NQZ2,1,11509.5,11505.25,time,-4.25,-4.875,-97.5,536906,536908,2,1,True,2022-10-31 10:14:00+00:00,2022-10,4,-390.0,87987.5,conservative
lightglow_premium_discount_reversal_1m_all_hold2m_reverse_time,premium_discount_reversal,1,all,2,reverse,time,2022-10-31 10:20:00+00:00,2022-10-31 10:22:00+00:00,NQZ2,-1,11497.75,11505.75,time,-8.0,-8.625,-172.5,536912,536914,2,1,True,2022-10-31 10:20:00+00:00,2022-10,2,-345.0,87642.5,conservative
lightglow_premium_discount_reversal_1m_all_hold2m_reverse_time,premium_discount_reversal,1,all,2,reverse,time,2022-10-31 10:23:00+00:00,2022-10-31 10:25:00+00:00,NQZ2,1,11509.5,11509.25,time,-0.25,-0.875,-17.5,536915,536917,2,1,True,2022-10-31 10:23:00+00:00,2022-10,2,-35.0,87607.5,conservative
lightglow_premium_discount_reversal_1m_all_hold2m_reverse_time,premium_discount_reversal,1,all,2,reverse,time,2022-10-31 10:36:00+00:00,2022-10-31 10:38:00+00:00,NQZ2,1,11510.0,11509.75,time,-0.25,-0.875,-17.5,536928,536930,2,1,True,2022-10-31 10:36:00+00:00,2022-10,2,-35.0,87572.5,conservative
lightglow_premium_discount_reversal_1m_all_hold2m_reverse_time,premium_discount_reversal,1,all,2,reverse,time,2022-10-31 10:43:00+00:00,2022-10-31 10:45:00+00:00,NQZ2,-1,11501.75,11502.5,time,-0.75,-1.375,-27.5,536935,536937,2,1,True,2022-10-31 10:43:00+00:00,2022-10,2,-55.0,87517.5,conservative
lightglow_premium_discount_reversal_1m_all_hold2m_reverse_time,premium_discount_reversal,1,all,2,reverse,time,2022-10-31 10:46:00+00:00,2022-10-31 10:48:00+00:00,NQZ2,-1,11500.5,11504.25,time,-3.75,-4.375,-87.5,536938,536940,2,1,True,2022-10-31 10:46:00+00:00,2022-10,2,-175.0,87342.5,conservative
lightglow_premium_discount_reversal_1m_all_hold2m_reverse_time,premium_discount_reversal,1,all,2,reverse,time,2022-10-31 10:51:00+00:00,2022-10-31 10:53:00+00:00,NQZ2,-1,11495.75,11497.0,time,-1.25,-1.875,-37.5,536943,536945,2,1,True,2022-10-31 10:51:00+00:00,2022-10,2,-75.0,87267.5,paused
